{"Total ERC20 tnxs": 36.255659121171774, "ERC20 total Ether received": 129620673.24360897, "ERC20 total ether sent": 13868492.609468944, "ERC20 total Ether sent contract": 110.93920668739632, "ERC20 uniq sent addr": 5.6380381713271195, "ERC20 uniq rec addr": 7.598535286284953, "ERC20 uniq sent addr.1": 0.0034398579671549045, "ERC20 uniq rec contract addr": 4.90190856635597, "ERC20 min val rec": 485.61468759065684, "ERC20 max val rec": 125252360.1523875, "ERC20 avg val rec": 4346203.068974394, "ERC20 min val sent": 11741.257297339325, "ERC20 max val sent": 13035935.151901012, "ERC20 avg val sent": 6318389.134577394, "ERC20 uniq sent token name": 1.3849312028406568, "ERC20 uniq rec token name": 4.826675543719485}